-- phpMyAdmin SQL Dump
-- version 5.2.1
-- https://www.phpmyadmin.net/
--
-- Servidor: 127.0.0.1
-- Tiempo de generación: 08-12-2024 a las 16:27:37
-- Versión del servidor: 10.4.32-MariaDB
-- Versión de PHP: 8.0.30

SET SQL_MODE = "NO_AUTO_VALUE_ON_ZERO";
START TRANSACTION;
SET time_zone = "+00:00";


/*!40101 SET @OLD_CHARACTER_SET_CLIENT=@@CHARACTER_SET_CLIENT */;
/*!40101 SET @OLD_CHARACTER_SET_RESULTS=@@CHARACTER_SET_RESULTS */;
/*!40101 SET @OLD_COLLATION_CONNECTION=@@COLLATION_CONNECTION */;
/*!40101 SET NAMES utf8mb4 */;

--
-- Base de datos: `bd_consumo_electrico`
--

-- --------------------------------------------------------

--
-- Estructura de tabla para la tabla `lectura_medidor`
--

CREATE TABLE `lectura_medidor` (
  `ID` int(11) NOT NULL,
  `MedidorID` int(11) NOT NULL,
  `FechaHora` timestamp NOT NULL DEFAULT current_timestamp(),
  `Corriente_rms` float DEFAULT NULL,
  `Voltaje_rms` float DEFAULT NULL,
  `Potencia_activa` float DEFAULT NULL,
  `Potencia_aparente` float DEFAULT NULL,
  `Energia` float DEFAULT NULL
) ENGINE=InnoDB DEFAULT CHARSET=utf8mb4 COLLATE=utf8mb4_general_ci;

--
-- Volcado de datos para la tabla `lectura_medidor`
--

INSERT INTO `lectura_medidor` (`ID`, `MedidorID`, `FechaHora`, `Corriente_rms`, `Voltaje_rms`, `Potencia_activa`, `Potencia_aparente`, `Energia`) VALUES
(1, 1, '2023-11-15 12:00:00', 4.5, 220, 990, 1000, 15),
(2, 1, '2023-11-16 12:00:00', 4.2, 219.8, 924.6, 940, 30),
(3, 1, '2023-11-17 12:00:00', 4.8, 220.3, 1054.6, 1070, 45),
(4, 1, '2023-11-18 12:00:00', 5, 220.1, 1100.5, 1120, 60),
(5, 2, '2023-11-15 13:00:00', 3.5, 220.1, 770.35, 780, 10.5),
(6, 2, '2023-11-16 13:00:00', 3.8, 220.4, 837.52, 850, 25.8),
(7, 2, '2023-11-17 13:00:00', 3.7, 220.2, 814.74, 820, 38.4),
(8, 2, '2023-11-18 13:00:00', 3.9, 220.5, 859.95, 870, 50),
(9, 3, '2023-11-15 12:00:00', 8.2, 220, 1804, 1850, 50),
(10, 3, '2023-11-16 12:00:00', 8.5, 220.5, 1879.25, 1920, 105),
(11, 3, '2023-11-17 12:00:00', 8.4, 220.3, 1852.92, 1900, 155),
(12, 3, '2023-11-18 12:00:00', 8.7, 220.8, 1920.96, 1970, 210),
(13, 4, '2023-11-15 11:00:00', 12.5, 220, 2750, 2800, 100),
(14, 4, '2023-11-16 11:00:00', 12.8, 220.2, 2824.56, 2900, 300),
(15, 4, '2023-11-17 11:00:00', 12.7, 220.1, 2801.27, 2850, 520),
(16, 4, '2023-11-18 11:00:00', 13, 220.5, 2867.25, 2950, 750),
(17, 5, '2023-11-15 10:00:00', 6.5, 220, 1430, 1450, 80),
(18, 5, '2023-11-16 10:00:00', 7, 220.3, 1542.1, 1570, 200),
(19, 5, '2023-11-17 10:00:00', 6.8, 220.2, 1497.36, 1520, 340),
(20, 5, '2023-11-18 10:00:00', 7.2, 220.5, 1586.6, 1620, 450),
(21, 6, '2024-11-24 18:13:58', 0.921434, 220, 172.308, 202.715, 0.0478634),
(22, 6, '2024-11-24 18:14:09', 0.915511, 220, 171.201, 201.412, 0.0475557),
(23, 6, '2024-11-24 18:14:19', 0.902446, 220, 168.757, 198.538, 0.0468771),
(24, 6, '2024-11-24 18:14:29', 1.24157, 220, 232.174, 273.146, 0.0644928),
(25, 6, '2024-11-24 18:14:40', 1.25146, 220, 234.022, 275.32, 0.0650062),
(26, 6, '2024-11-24 18:14:51', 1.24956, 220, 233.668, 274.903, 0.0649078),
(27, 6, '2024-11-24 18:15:01', 1.25621, 220, 234.912, 276.367, 0.0652533),
(28, 6, '2024-11-24 18:15:11', 0.824648, 220, 154.209, 181.423, 0.0428359),
(29, 6, '2024-11-24 18:15:22', 0.812286, 220, 151.898, 178.703, 0.0421938),
(30, 6, '2024-11-24 19:27:21', 0.779187, 220, 145.708, 171.421, 0.0404744),
(31, 6, '2024-11-24 19:28:04', 1.11881, 220, 209.218, 246.139, 0.0581162),
(32, 6, '2024-11-24 19:28:16', 0.774082, 220, 144.753, 170.298, 0.0402093),
(33, 6, '2024-11-24 19:28:53', 1.27051, 220, 237.585, 279.512, 0.0659959),
(34, 6, '2024-11-24 19:29:12', 0.939272, 220, 175.644, 206.64, 0.04879),
(35, 6, '2024-11-24 19:35:07', 1.02318, 220, 191.335, 225.099, 0.0531485),
(36, 6, '2024-11-24 19:37:30', 1.06868, 220, 199.843, 235.109, 0.0555119),
(37, 6, '2024-11-24 19:37:41', 1.14492, 220, 214.1, 251.882, 0.0594722),
(38, 6, '2024-11-24 19:37:51', 1.08369, 220, 202.65, 238.412, 0.0562917),
(39, 6, '2024-11-24 19:38:02', 1.23701, 220, 231.321, 272.142, 0.0642557),
(40, 6, '2024-11-24 19:38:12', 1.26436, 220, 236.436, 278.159, 0.0656765),
(41, 6, '2024-11-24 19:38:23', 1.19783, 220, 223.995, 263.523, 0.0622207),
(42, 6, '2024-11-24 19:38:33', 1.2442, 220, 232.666, 273.725, 0.0646295),
(43, 6, '2024-11-24 19:38:44', 0.972607, 220, 181.878, 213.974, 0.0505215),
(44, 6, '2024-11-24 19:38:54', 0.990367, 220, 185.199, 217.881, 0.0514441),
(45, 6, '2024-11-24 19:39:20', 0.897869, 220, 167.902, 197.531, 0.0466393),
(46, 6, '2024-11-24 19:39:31', 1.11667, 220, 208.817, 245.667, 0.0580048),
(47, 6, '2024-11-24 19:39:41', 1.15682, 220, 216.325, 254.5, 0.0600904),
(48, 6, '2024-11-24 19:39:52', 1.10452, 220, 206.546, 242.995, 0.0573738),
(49, 6, '2024-11-24 19:40:02', 0.967092, 220, 180.846, 212.76, 0.050235),
(50, 6, '2024-11-24 19:40:13', 0.994867, 220, 186.04, 218.871, 0.0516778),
(51, 6, '2024-11-24 19:40:23', 0.988955, 220, 184.935, 217.57, 0.0513707),
(52, 6, '2024-11-24 19:40:34', 0.969076, 220, 181.217, 213.197, 0.0503381),
(53, 6, '2024-11-24 19:40:44', 1.18146, 220, 220.933, 259.922, 0.0613704),
(54, 6, '2024-11-24 19:40:54', 1.17005, 220, 218.798, 257.41, 0.0607773),
(55, 6, '2024-11-24 19:41:05', 1.13537, 220, 212.315, 249.782, 0.0589763),
(56, 6, '2024-11-24 19:45:09', 0.811028, 220, 151.662, 178.426, 0.0421284),
(57, 6, '2024-11-24 19:45:20', 0.881039, 220, 164.754, 193.829, 0.0457651),
(58, 6, '2024-11-24 19:45:32', 1.26529, 220, 236.609, 278.364, 0.0657248),
(59, 6, '2024-11-24 19:45:44', 1.06213, 220, 198.618, 233.669, 0.0551718),
(60, 6, '2024-11-24 19:45:56', 0.99798, 220, 186.622, 219.556, 0.0518395),
(61, 6, '2024-11-24 19:46:07', 1.01419, 220, 189.653, 223.122, 0.0526815),
(62, 6, '2024-11-24 19:46:19', 1.05476, 220, 197.241, 232.048, 0.0547892),
(63, 6, '2024-11-24 19:46:32', 1.01188, 220, 189.222, 222.614, 0.0525616),
(64, 6, '2024-11-24 19:46:44', 0.97745, 220, 182.783, 215.039, 0.0507731),
(65, 6, '2024-11-24 19:46:56', 1.00072, 220, 187.135, 220.159, 0.0519821),
(66, 6, '2024-11-24 19:47:07', 1.00561, 220, 188.049, 221.235, 0.052236),
(67, 6, '2024-11-24 19:47:19', 0.987025, 220, 184.574, 217.145, 0.0512705),
(68, 6, '2024-11-24 19:47:31', 1.02476, 220, 191.629, 225.446, 0.0532303),
(69, 6, '2024-11-24 19:47:42', 1.02012, 220, 190.763, 224.427, 0.0529898),
(70, 6, '2024-11-24 19:47:54', 1.05789, 220, 197.824, 232.735, 0.0549512),
(71, 6, '2024-11-24 19:48:06', 1.22716, 220, 229.478, 269.975, 0.063744),
(72, 6, '2024-11-24 19:48:18', 1.03517, 220, 193.578, 227.738, 0.0537716),
(73, 6, '2024-11-24 19:48:29', 1.08549, 220, 202.987, 238.808, 0.0563852),
(74, 6, '2024-11-24 19:48:41', 0.998455, 220, 186.711, 219.66, 0.0518642),
(75, 6, '2024-11-24 19:48:53', 1.02863, 220, 192.354, 226.298, 0.0534316),
(76, 6, '2024-11-24 19:49:04', 1.24277, 220, 232.397, 273.408, 0.0645548),
(77, 6, '2024-11-24 19:49:16', 1.1649, 220, 217.835, 256.277, 0.0605099),
(78, 6, '2024-11-24 19:49:28', 1.17195, 220, 219.154, 257.828, 0.0608761),
(79, 6, '2024-11-24 19:49:39', 1.07013, 220, 200.114, 235.428, 0.0555872),
(80, 6, '2024-11-24 19:49:51', 1.04119, 220, 194.702, 229.061, 0.0540839),
(81, 6, '2024-11-24 19:50:03', 1.03945, 220, 194.377, 228.679, 0.0539936),
(82, 6, '2024-11-24 19:50:14', 1.08099, 220, 202.146, 237.818, 0.0561515),
(83, 6, '2024-11-24 19:50:26', 1.04777, 220, 195.933, 230.509, 0.0544258),
(84, 6, '2024-11-24 19:50:38', 1.04585, 220, 195.574, 230.087, 0.0543261),
(85, 6, '2024-11-24 19:50:49', 1.05194, 220, 196.712, 231.426, 0.0546422),
(86, 6, '2024-11-24 19:51:01', 1.04721, 220, 195.829, 230.387, 0.0543969),
(87, 6, '2024-11-24 19:51:13', 1.01035, 220, 188.936, 222.277, 0.0524821),
(88, 6, '2024-11-24 19:51:24', 1.0573, 220, 197.714, 232.605, 0.0549207),
(89, 6, '2024-11-24 19:51:47', 1.06849, 220, 199.807, 235.067, 0.0555019),
(90, 6, '2024-11-24 19:52:01', 1.04528, 220, 195.468, 229.962, 0.0542966),
(91, 6, '2024-11-24 19:52:13', 1.08458, 220, 202.817, 238.608, 0.056338),
(92, 6, '2024-11-24 19:52:26', 1.07655, 220, 201.315, 236.841, 0.0559207),
(93, 6, '2024-11-24 19:52:38', 1.05934, 220, 198.096, 233.055, 0.0550268),
(94, 6, '2024-11-24 19:52:50', 1.056, 220, 197.471, 232.319, 0.0548531),
(95, 6, '2024-11-24 19:53:03', 1.03474, 220, 193.496, 227.642, 0.0537489),
(96, 6, '2024-11-24 19:53:16', 1.04932, 220, 196.222, 230.85, 0.0545062),
(97, 6, '2024-11-24 19:53:28', 1.09685, 220, 205.111, 241.307, 0.0569751),
(98, 6, '2024-11-24 19:53:40', 1.04865, 220, 196.097, 230.703, 0.0544714),
(99, 6, '2024-11-24 19:53:52', 1.02041, 220, 190.817, 224.491, 0.0530048),
(100, 6, '2024-11-24 19:54:04', 1.0718, 220, 200.427, 235.797, 0.0556742),
(101, 6, '2024-11-24 19:54:16', 1.03694, 220, 193.908, 228.127, 0.0538634),
(102, 6, '2024-11-24 19:54:28', 1.04065, 220, 194.601, 228.942, 0.0540558),
(103, 6, '2024-11-24 19:54:40', 1.06338, 220, 198.852, 233.943, 0.0552366),
(104, 6, '2024-11-24 19:54:51', 1.06467, 220, 199.094, 234.229, 0.055304),
(105, 6, '2024-11-24 19:55:03', 1.06451, 220, 199.064, 234.193, 0.0552955),
(106, 6, '2024-11-24 19:55:15', 1.05098, 220, 196.533, 231.215, 0.0545924),
(107, 6, '2024-11-24 19:55:26', 1.05065, 220, 196.472, 231.143, 0.0545755),
(108, 6, '2024-11-24 19:55:38', 1.02972, 220, 192.557, 226.538, 0.0534882),
(109, 6, '2024-11-24 19:55:50', 1.13004, 220, 211.317, 248.609, 0.0586992),
(110, 6, '2024-11-24 19:56:01', 1.21045, 220, 226.355, 266.3, 0.0628763),
(111, 6, '2024-11-24 19:56:13', 1.06476, 220, 199.11, 234.247, 0.0553084),
(112, 6, '2024-11-24 19:56:25', 1.05485, 220, 197.256, 232.066, 0.0547935),
(113, 6, '2024-11-24 19:56:37', 1.0604, 220, 198.294, 233.287, 0.0550818),
(114, 6, '2024-11-24 19:56:49', 1.02981, 220, 192.575, 226.559, 0.0534931),
(115, 6, '2024-11-24 19:57:01', 1.05576, 220, 197.427, 232.267, 0.0548409),
(116, 6, '2024-11-24 19:57:12', 1.10988, 220, 207.548, 244.174, 0.0576523),
(117, 6, '2024-11-24 19:57:24', 1.03582, 220, 193.698, 227.88, 0.0538049),
(118, 6, '2024-11-24 19:57:36', 1.08159, 220, 202.257, 237.949, 0.0561825),
(119, 6, '2024-11-24 19:57:47', 1.07729, 220, 201.454, 237.005, 0.0559595),
(120, 6, '2024-11-24 19:57:59', 1.07096, 220, 200.27, 235.612, 0.0556306),
(121, 6, '2024-11-24 19:58:11', 1.07111, 220, 200.297, 235.644, 0.0556381),
(122, 6, '2024-11-24 19:58:23', 1.06846, 220, 199.803, 235.062, 0.0555007),
(123, 6, '2024-11-24 19:58:35', 1.05406, 220, 197.11, 231.894, 0.0547528),
(124, 6, '2024-11-24 19:58:47', 1.07689, 220, 201.378, 236.915, 0.0559383),
(125, 6, '2024-11-24 19:58:59', 1.01319, 220, 189.467, 222.902, 0.0526297),
(126, 6, '2024-11-24 19:59:11', 1.04009, 220, 194.497, 228.82, 0.0540269),
(127, 6, '2024-11-24 19:59:25', 1.08222, 220, 202.375, 238.089, 0.0562153),
(128, 6, '2024-11-24 19:59:37', 1.09442, 220, 204.657, 240.773, 0.0568491),
(129, 6, '2024-11-24 19:59:49', 1.05383, 220, 197.065, 231.842, 0.0547404),
(130, 6, '2024-11-24 20:00:01', 1.06874, 220, 199.854, 235.122, 0.0555149),
(131, 6, '2024-11-24 20:00:13', 1.07385, 220, 200.81, 236.247, 0.0557805),
(132, 6, '2024-11-24 20:00:24', 1.26462, 220, 236.483, 278.215, 0.0656897),
(133, 6, '2024-11-24 20:00:36', 1.0765, 220, 201.305, 236.829, 0.055918),
(134, 6, '2024-11-24 20:00:48', 1.0681, 220, 199.735, 234.982, 0.0554819),
(135, 6, '2024-11-24 20:01:00', 1.2478, 220, 233.338, 274.515, 0.0648161),
(136, 6, '2024-11-24 20:01:11', 1.04589, 220, 195.582, 230.096, 0.0543283),
(137, 6, '2024-11-24 20:01:23', 1.05645, 220, 197.555, 232.418, 0.0548764),
(138, 6, '2024-11-24 20:01:35', 1.0539, 220, 197.079, 231.857, 0.054744),
(139, 6, '2024-11-24 20:01:46', 1.0543, 220, 197.153, 231.945, 0.0547648),
(140, 6, '2024-11-24 20:01:58', 1.07893, 220, 201.76, 237.364, 0.0560443),
(141, 6, '2024-11-24 20:02:10', 1.05761, 220, 197.773, 232.675, 0.0549371),
(142, 6, '2024-11-24 20:02:21', 1.07506, 220, 201.036, 236.512, 0.0558432),
(143, 6, '2024-11-24 20:02:33', 1.03302, 220, 193.175, 227.265, 0.0536598),
(144, 6, '2024-11-24 20:02:45', 1.07072, 220, 200.225, 235.559, 0.055618),
(145, 6, '2024-11-24 20:02:57', 0.99705, 220, 186.448, 219.351, 0.0517912),
(146, 6, '2024-11-24 20:03:08', 1.03479, 220, 193.507, 227.655, 0.0537518),
(147, 6, '2024-11-24 20:03:20', 1.01925, 220, 190.6, 224.236, 0.0529445),
(148, 6, '2024-11-24 20:03:32', 1.049, 220, 196.163, 230.78, 0.0544898),
(149, 6, '2024-11-24 20:03:43', 1.03543, 220, 193.626, 227.795, 0.053785),
(150, 6, '2024-11-24 20:03:55', 1.01788, 220, 190.344, 223.934, 0.0528732),
(151, 6, '2024-11-24 20:04:07', 1.01981, 220, 190.705, 224.359, 0.0529736),
(152, 6, '2024-11-24 20:04:19', 1.02184, 220, 191.084, 224.804, 0.0530788),
(153, 6, '2024-11-24 20:04:32', 1.06289, 220, 198.76, 233.836, 0.0552112),
(154, 6, '2024-11-24 20:04:45', 1.07798, 220, 201.582, 237.155, 0.055995),
(155, 6, '2024-11-24 20:04:59', 1.04038, 220, 194.551, 228.884, 0.054042),
(156, 6, '2024-11-24 20:05:12', 1.18383, 220, 221.377, 260.443, 0.0614935),
(157, 6, '2024-11-24 20:05:25', 1.02666, 220, 191.986, 225.865, 0.0533294),
(158, 6, '2024-11-24 20:05:38', 1.04921, 220, 196.202, 230.826, 0.0545005),
(159, 6, '2024-11-24 20:05:50', 1.03036, 220, 192.678, 226.68, 0.0535216),
(160, 6, '2024-11-24 20:06:03', 1.02531, 220, 191.732, 225.567, 0.053259),
(161, 6, '2024-11-24 20:06:16', 1.00116, 220, 187.216, 220.254, 0.0520045),
(162, 6, '2024-11-24 20:06:28', 1.02791, 220, 192.219, 226.141, 0.0533943),
(163, 6, '2024-11-24 20:06:40', 1.13917, 220, 213.025, 250.617, 0.0591735),
(164, 6, '2024-11-24 20:06:52', 1.03184, 220, 192.953, 227.004, 0.0535982),
(165, 6, '2024-11-24 20:07:04', 1.09329, 220, 204.446, 240.525, 0.0567906),
(166, 6, '2024-11-24 20:07:19', 1.0988, 220, 205.475, 241.735, 0.0570763),
(167, 6, '2024-11-24 20:07:30', 1.10685, 220, 206.982, 243.508, 0.0574949),
(168, 6, '2024-11-24 20:07:42', 1.12729, 220, 210.803, 248.003, 0.0585564),
(169, 6, '2024-11-24 20:07:54', 1.10989, 220, 207.549, 244.175, 0.0576524),
(170, 6, '2024-11-24 20:08:05', 1.07383, 220, 200.807, 236.243, 0.0557796),
(171, 6, '2024-11-24 20:08:17', 1.13753, 220, 212.719, 250.258, 0.0590886),
(172, 6, '2024-11-24 20:08:29', 1.15589, 220, 216.151, 254.295, 0.060042),
(173, 6, '2024-11-24 20:08:40', 1.11014, 220, 207.596, 244.231, 0.0576656),
(174, 6, '2024-11-24 20:08:52', 2.17459, 220, 406.648, 478.41, 0.112958),
(175, 6, '2024-11-24 20:09:04', 2.15526, 220, 403.034, 474.158, 0.111954),
(176, 6, '2024-11-24 20:09:16', 2.09123, 220, 391.06, 460.071, 0.108628),
(177, 6, '2024-11-24 20:09:27', 2.09571, 220, 391.897, 461.055, 0.10886),
(178, 6, '2024-11-24 20:09:39', 2.07192, 220, 387.449, 455.823, 0.107625),
(179, 6, '2024-11-24 20:09:51', 2.09411, 220, 391.598, 460.703, 0.108777),
(180, 6, '2024-11-24 20:10:02', 2.04843, 220, 383.056, 450.655, 0.106404),
(181, 6, '2024-11-24 20:10:14', 2.03239, 220, 380.056, 447.125, 0.105571),
(182, 6, '2024-11-24 20:10:26', 2.04107, 220, 381.681, 449.036, 0.106022),
(183, 6, '2024-11-24 20:10:37', 2.05026, 220, 383.399, 451.057, 0.1065),
(184, 6, '2024-11-24 20:10:49', 2.04206, 220, 381.866, 449.254, 0.106074),
(185, 6, '2024-11-24 20:11:01', 2.05241, 220, 383.801, 451.53, 0.106611),
(186, 6, '2024-11-24 20:11:12', 2.04195, 220, 381.845, 449.23, 0.106068),
(187, 6, '2024-11-24 20:11:24', 2.04147, 220, 381.755, 449.124, 0.106043),
(188, 6, '2024-11-24 20:11:36', 2.00541, 220, 375.012, 441.19, 0.10417),
(189, 6, '2024-11-24 20:11:47', 1.97658, 220, 369.621, 434.848, 0.102673),
(190, 6, '2024-11-24 20:11:59', 2.00442, 220, 374.827, 440.973, 0.104119),
(191, 6, '2024-11-24 20:12:11', 1.99691, 220, 373.422, 439.32, 0.103728),
(192, 6, '2024-11-24 20:12:22', 1.94033, 220, 362.842, 426.873, 0.10079),
(193, 6, '2024-11-24 20:12:34', 1.97628, 220, 369.565, 434.782, 0.102657),
(194, 6, '2024-11-24 20:12:46', 1.9934, 220, 372.765, 438.547, 0.103546),
(195, 6, '2024-11-24 20:12:58', 1.94557, 220, 363.822, 428.026, 0.101062),
(196, 6, '2024-11-24 20:13:09', 2.00524, 220, 374.98, 441.153, 0.104161),
(197, 6, '2024-11-24 20:13:21', 1.97276, 220, 368.905, 434.007, 0.102474),
(198, 6, '2024-11-24 20:13:33', 1.97089, 220, 368.556, 433.595, 0.102377),
(199, 6, '2024-11-24 20:13:44', 1.94765, 220, 364.211, 428.484, 0.10117),
(200, 6, '2024-11-24 20:13:56', 1.92607, 220, 360.174, 423.735, 0.100048),
(201, 6, '2024-11-24 20:14:08', 1.96043, 220, 366.599, 431.293, 0.101833),
(202, 6, '2024-11-24 20:14:20', 1.94408, 220, 363.542, 427.697, 0.100984),
(203, 6, '2024-11-24 20:14:31', 1.96741, 220, 367.906, 432.83, 0.102196),
(204, 6, '2024-11-24 20:14:43', 1.90631, 220, 356.48, 419.389, 0.0990223),
(205, 6, '2024-11-24 20:14:55', 1.93361, 220, 361.585, 425.394, 0.10044),
(206, 6, '2024-11-24 20:15:06', 1.93883, 220, 362.562, 426.543, 0.100712),
(207, 6, '2024-11-24 20:15:18', 1.96314, 220, 367.107, 431.89, 0.101974),
(208, 6, '2024-11-24 20:15:30', 1.93782, 220, 362.372, 426.32, 0.100659),
(209, 6, '2024-11-24 20:15:42', 1.89896, 220, 355.105, 417.771, 0.0986404),
(210, 6, '2024-11-24 20:15:53', 1.96409, 220, 367.285, 432.1, 0.102024),
(211, 6, '2024-11-24 20:16:05', 1.95176, 220, 364.979, 429.387, 0.101383),
(212, 6, '2024-11-24 20:44:07', 2.32412, 220, 434.611, 511.307, 0.120725),
(213, 6, '2024-11-24 20:44:18', 1.97928, 220, 370.125, 435.441, 0.102812),
(214, 6, '2024-11-24 20:44:30', 1.89223, 220, 353.848, 416.291, 0.098291),
(215, 6, '2024-11-24 20:44:42', 1.92586, 220, 360.136, 423.689, 0.100038),
(216, 6, '2024-11-24 20:44:54', 1.81105, 220, 338.666, 398.43, 0.0940738),
(217, 6, '2024-11-24 20:45:05', 1.84487, 220, 344.991, 405.872, 0.0958309),
(218, 6, '2024-11-24 20:45:17', 1.91518, 220, 358.138, 421.339, 0.0994828),
(219, 6, '2024-11-24 20:45:29', 2.14933, 220, 401.925, 472.853, 0.111646),
(220, 6, '2024-11-24 20:45:40', 2.12034, 220, 396.504, 466.475, 0.11014),
(221, 6, '2024-11-24 20:45:52', 1.70619, 220, 319.057, 375.362, 0.088627),
(222, 6, '2024-11-24 20:46:04', 1.37941, 220, 257.95, 303.471, 0.0716529),
(223, 6, '2024-11-24 20:46:15', 1.34254, 220, 251.054, 295.358, 0.0697373),
(224, 6, '2024-11-24 20:46:27', 1.79183, 220, 335.072, 394.202, 0.0930755),
(225, 6, '2024-11-24 20:46:39', 1.25722, 220, 235.1, 276.589, 0.0653057),
(226, 6, '2024-11-24 20:46:51', 1.28842, 220, 240.934, 283.452, 0.0669261),
(227, 6, '2024-11-25 21:31:57', 0.336373, 220, 62.9017, 74.002, 0.0174727),
(228, 6, '2024-11-25 22:02:23', 0.800663, 220, 149.724, 176.146, 0.04159),
(229, 6, '2024-11-25 22:02:35', 0.808527, 220, 151.195, 177.876, 0.0419985),
(230, 6, '2024-11-25 22:02:47', 1.09649, 220, 205.043, 241.227, 0.0569564),
(231, 6, '2024-11-25 22:03:00', 1.09135, 220, 204.083, 240.098, 0.0566898),
(232, 6, '2024-11-25 22:03:11', 1.04754, 220, 195.891, 230.46, 0.0544141),
(233, 6, '2024-11-25 22:03:23', 11.7478, 220, 2196.84, 2584.52, 0.610233),
(234, 6, '2024-11-25 22:03:35', 11.6859, 220, 2185.27, 2570.9, 0.607018),
(235, 6, '2024-11-25 22:03:48', 11.5787, 220, 2165.21, 2547.31, 0.601448),
(236, 6, '2024-11-25 22:04:00', 11.4965, 220, 2149.85, 2529.23, 0.59718),
(237, 6, '2024-11-25 22:04:12', 0.948236, 220, 177.32, 208.612, 0.0492556),
(238, 6, '2024-11-25 22:04:24', 0.783763, 220, 146.564, 172.428, 0.0407122),
(239, 6, '2024-11-25 22:04:35', 0.789502, 220, 147.637, 173.69, 0.0410102),
(240, 6, '2024-11-25 22:04:48', 0.750462, 220, 140.336, 165.102, 0.0389823),
(241, 6, '2024-11-25 22:04:59', 0.790209, 220, 147.769, 173.846, 0.041047),
(242, 6, '2024-11-25 22:05:11', 0.801112, 220, 149.808, 176.245, 0.0416133),
(243, 6, '2024-11-25 22:05:24', 0.812684, 220, 151.972, 178.79, 0.0422144),
(244, 6, '2024-11-25 22:05:36', 0.861568, 220, 161.113, 189.545, 0.0447537),
(245, 6, '2024-11-25 22:05:48', 0.806701, 220, 150.853, 177.474, 0.0419036),
(246, 6, '2024-11-25 22:06:00', 0.844069, 220, 157.841, 185.695, 0.0438447),
(247, 6, '2024-11-25 22:06:12', 0.825257, 220, 154.323, 181.557, 0.0428675),
(248, 6, '2024-11-25 22:06:24', 0.857063, 220, 160.271, 188.554, 0.0445197),
(249, 6, '2024-11-25 22:06:36', 0.874665, 220, 163.562, 192.426, 0.045434),
(250, 6, '2024-11-25 22:06:49', 0.860554, 220, 160.924, 189.322, 0.044701),
(251, 6, '2024-11-25 22:07:04', 0.86747, 220, 162.217, 190.843, 0.0450603),
(252, 6, '2024-11-25 22:07:15', 0.845674, 220, 158.141, 186.048, 0.0439281),
(253, 6, '2024-11-25 22:07:27', 0.838506, 220, 156.801, 184.471, 0.0435557),
(254, 6, '2024-11-25 22:07:39', 0.818414, 220, 153.043, 180.051, 0.0425121),
(255, 6, '2024-11-25 22:07:51', 0.847473, 220, 158.477, 186.444, 0.0440215),
(256, 6, '2024-11-25 22:08:03', 0.800594, 220, 149.711, 176.131, 0.0415864),
(257, 6, '2024-11-25 22:08:15', 0.773259, 220, 144.599, 170.117, 0.0401665),
(258, 6, '2024-11-25 22:08:27', 0.80943, 220, 151.363, 178.075, 0.0420454),
(259, 6, '2024-11-25 22:08:39', 0.801284, 220, 149.84, 176.282, 0.0416223),
(260, 6, '2024-11-25 22:08:51', 0.769749, 220, 143.943, 169.345, 0.0399842),
(261, 6, '2024-11-25 22:09:02', 0.76176, 220, 142.449, 167.587, 0.0395692),
(262, 6, '2024-11-25 22:09:14', 0.756923, 220, 141.545, 166.523, 0.0393179),
(263, 6, '2024-11-25 22:09:34', 0.774638, 220, 144.857, 170.42, 0.0402381),
(264, 6, '2024-11-25 22:09:46', 0.744463, 220, 139.215, 163.782, 0.0386707),
(265, 6, '2024-11-25 22:09:58', 0.755757, 220, 141.327, 166.267, 0.0392574),
(266, 6, '2024-11-25 22:10:09', 0.75645, 220, 141.456, 166.419, 0.0392934),
(267, 6, '2024-11-25 22:10:21', 0.763362, 220, 142.749, 167.94, 0.0396524),
(268, 6, '2024-11-25 22:10:33', 0.786245, 220, 147.028, 172.974, 0.040841),
(269, 6, '2024-11-25 22:10:45', 0.771312, 220, 144.235, 169.689, 0.0400654),
(270, 6, '2024-11-25 22:10:57', 0.79013, 220, 147.754, 173.829, 0.0410429),
(271, 6, '2024-11-25 22:11:09', 0.765365, 220, 143.123, 168.38, 0.0397565),
(272, 6, '2024-11-25 22:11:21', 0.769116, 220, 143.825, 169.206, 0.0399513),
(273, 6, '2024-11-25 22:11:33', 0.744293, 220, 139.183, 163.745, 0.0386619),
(274, 6, '2024-11-25 22:11:45', 0.772955, 220, 144.543, 170.05, 0.0401507),
(275, 6, '2024-11-25 22:11:57', 0.776981, 220, 145.296, 170.936, 0.0403599),
(276, 6, '2024-11-25 22:12:09', 0.781407, 220, 146.123, 171.909, 0.0405897),
(277, 6, '2024-11-25 22:12:21', 0.77243, 220, 144.444, 169.935, 0.0401234),
(278, 6, '2024-11-25 22:12:33', 0.771034, 220, 144.183, 169.628, 0.0400509),
(279, 6, '2024-11-25 22:12:45', 0.763679, 220, 142.808, 168.009, 0.0396689),
(280, 6, '2024-11-25 22:12:57', 0.853334, 220, 159.573, 187.733, 0.0443259),
(281, 6, '2024-11-25 22:13:09', 0.87587, 220, 163.788, 192.691, 0.0454966),
(282, 6, '2024-11-25 22:13:21', 0.877318, 220, 164.059, 193.01, 0.0455718),
(283, 6, '2024-11-25 22:13:33', 0.880229, 220, 164.603, 193.65, 0.045723),
(284, 6, '2024-11-25 22:13:45', 0.869741, 220, 162.641, 191.343, 0.0451782),
(285, 6, '2024-11-25 22:13:57', 0.898106, 220, 167.946, 197.583, 0.0466516),
(286, 6, '2024-11-25 22:14:09', 0.914298, 220, 170.974, 201.145, 0.0474927),
(287, 6, '2024-11-25 22:14:21', 0.877857, 220, 164.159, 193.128, 0.0455998),
(288, 6, '2024-11-25 22:14:39', 0.873601, 220, 163.363, 192.192, 0.0453787),
(289, 6, '2024-11-25 22:14:51', 0.87678, 220, 163.958, 192.892, 0.0455439),
(290, 6, '2024-11-25 22:15:09', 0.850341, 220, 159.014, 187.075, 0.0441705),
(291, 6, '2024-11-25 22:15:21', 0.836456, 220, 156.417, 184.02, 0.0434493),
(292, 6, '2024-11-25 22:15:33', 0.842117, 220, 157.476, 185.266, 0.0437433),
(293, 6, '2024-11-25 22:15:46', 0.860137, 220, 160.846, 189.23, 0.0446793),
(294, 6, '2024-11-25 22:16:01', 0.881509, 220, 164.842, 193.932, 0.0457895),
(295, 6, '2024-11-25 22:16:12', 0.834935, 220, 156.133, 183.686, 0.0433702),
(296, 6, '2024-11-25 22:16:26', 0.876339, 220, 163.876, 192.795, 0.045521),
(297, 6, '2024-11-25 22:16:38', 0.881369, 220, 164.816, 193.901, 0.0457822),
(298, 6, '2024-11-25 22:16:50', 0.862086, 220, 161.21, 189.659, 0.0447806),
(299, 6, '2024-11-25 22:17:02', 0.844229, 220, 157.871, 185.73, 0.043853),
(300, 6, '2024-11-25 22:17:14', 0.829174, 220, 155.055, 182.418, 0.043071),
(301, 6, '2024-11-25 22:17:30', 0.837277, 220, 156.571, 184.201, 0.0434919),
(302, 6, '2024-11-25 22:17:43', 0.848767, 220, 158.719, 186.729, 0.0440888),
(303, 6, '2024-11-25 22:17:55', 0.811922, 220, 151.829, 178.623, 0.0421749),
(304, 6, '2024-11-25 22:18:07', 0.766137, 220, 143.268, 168.55, 0.0397966),
(305, 6, '2024-11-25 22:18:22', 0.753379, 220, 140.882, 165.743, 0.0391339),
(306, 6, '2024-11-25 22:18:38', 0.728611, 220, 136.25, 160.294, 0.0378473),
(307, 6, '2024-11-25 22:18:52', 0.721163, 220, 134.857, 158.656, 0.0374604),
(308, 6, '2024-11-25 22:19:06', 0.777542, 220, 145.4, 171.059, 0.040389),
(309, 6, '2024-11-25 22:19:18', 1.09291, 220, 204.375, 240.441, 0.0567708),
(310, 6, '2024-11-25 22:19:32', 1.10139, 220, 205.959, 242.305, 0.0572109),
(311, 6, '2024-11-25 22:21:03', 1.05854, 220, 197.948, 232.88, 0.0549854),
(312, 6, '2024-11-25 22:21:15', 0.958156, 220, 179.175, 210.794, 0.0497709),
(313, 6, '2024-11-25 22:21:27', 0.862581, 220, 161.303, 189.768, 0.0448063),
(314, 6, '2024-11-25 22:21:39', 0.819616, 220, 153.268, 180.316, 0.0425745),
(315, 6, '2024-11-25 22:21:51', 0.776143, 220, 145.139, 170.751, 0.0403163),
(316, 6, '2024-11-25 22:22:03', 0.762623, 220, 142.611, 167.777, 0.039614),
(317, 6, '2024-11-25 22:22:15', 0.799155, 220, 149.442, 175.814, 0.0415117),
(318, 6, '2024-11-25 22:22:27', 0.776127, 220, 145.136, 170.748, 0.0403155),
(319, 6, '2024-11-25 22:22:39', 0.787787, 220, 147.316, 173.313, 0.0409212),
(320, 6, '2024-11-25 22:22:50', 0.795797, 220, 148.814, 175.075, 0.0413372),
(321, 6, '2024-11-25 22:23:03', 0.824934, 220, 154.263, 181.486, 0.0428507),
(322, 6, '2024-11-25 22:23:14', 10.3064, 220, 1927.3, 2267.41, 0.53536),
(323, 6, '2024-11-25 22:23:28', 0.755849, 220, 141.344, 166.287, 0.0392622),
(324, 6, '2024-11-25 22:23:41', 1.08337, 220, 202.591, 238.342, 0.0562752),
(325, 6, '2024-11-25 22:23:53', 0.807954, 220, 151.087, 177.75, 0.0419687),
(326, 6, '2024-11-25 22:24:07', 1.10049, 220, 205.792, 242.108, 0.0571644),
(327, 6, '2024-11-25 22:24:20', 2.45671, 220, 459.405, 540.476, 0.127613),
(328, 6, '2024-11-25 22:24:33', 3.3756, 220, 631.238, 742.632, 0.175344),
(329, 6, '2024-11-25 22:24:45', 2.1344, 220, 399.132, 469.567, 0.11087),
(330, 6, '2024-11-25 22:24:57', 1.37884, 220, 257.843, 303.345, 0.0716231),
(331, 6, '2024-11-25 22:25:09', 2.4149, 220, 451.586, 531.278, 0.125441),
(332, 6, '2024-11-25 22:25:22', 2.05979, 220, 385.181, 453.155, 0.106995),
(333, 6, '2024-11-25 22:25:34', 1.65385, 220, 309.27, 363.847, 0.0859082),
(334, 6, '2024-11-25 22:25:46', 1.44683, 220, 270.557, 318.302, 0.0751548),
(335, 6, '2024-11-25 22:25:58', 1.33329, 220, 249.325, 293.324, 0.069257),
(336, 6, '2024-11-25 22:26:10', 1.98661, 220, 371.495, 437.053, 0.103193),
(337, 6, '2024-11-25 22:26:22', 1.74404, 220, 326.135, 383.688, 0.090593),
(338, 6, '2024-11-25 22:26:34', 2.43253, 220, 454.883, 535.156, 0.126356),
(339, 6, '2024-11-25 22:26:46', 1.99059, 220, 372.241, 437.931, 0.1034),
(340, 6, '2024-11-25 22:26:58', 2.00938, 220, 375.754, 442.064, 0.104376),
(341, 6, '2024-11-25 22:27:11', 1.9059, 220, 356.403, 419.297, 0.0990008),
(342, 6, '2024-11-25 22:27:23', 1.91585, 220, 358.263, 421.487, 0.0995176),
(343, 6, '2024-11-25 22:27:35', 1.78983, 220, 334.699, 393.763, 0.0929719),
(344, 6, '2024-11-25 22:27:47', 1.74083, 220, 325.536, 382.983, 0.0904266),
(345, 6, '2024-11-25 22:27:59', 1.46136, 220, 273.275, 321.5, 0.0759097),
(346, 6, '2024-11-25 22:28:12', 1.63885, 220, 306.465, 360.547, 0.0851292),
(347, 6, '2024-11-25 22:28:24', 1.63573, 220, 305.881, 359.86, 0.084967),
(348, 6, '2024-11-25 22:28:36', 1.51678, 220, 283.637, 333.69, 0.078788),
(349, 6, '2024-11-25 22:28:49', 1.46021, 220, 273.059, 321.246, 0.0758498),
(350, 6, '2024-11-25 22:29:01', 1.44058, 220, 269.388, 316.927, 0.07483),
(351, 6, '2024-11-25 22:29:13', 1.25064, 220, 233.87, 275.142, 0.064964),
(352, 6, '2024-11-25 22:29:27', 1.29076, 220, 241.372, 283.967, 0.0670477),
(353, 6, '2024-11-25 22:29:41', 1.37448, 220, 257.027, 302.385, 0.0713964),
(354, 6, '2024-11-25 22:29:53', 1.54628, 220, 289.155, 340.182, 0.0803208),
(355, 6, '2024-11-25 22:30:07', 1.60028, 220, 299.252, 352.061, 0.0831256),
(356, 6, '2024-11-25 22:30:25', 1.78016, 220, 332.89, 391.635, 0.0924694),
(357, 6, '2024-11-25 22:30:37', 0.78943, 220, 147.623, 173.675, 0.0410065),
(358, 6, '2024-11-25 22:30:49', 0.804655, 220, 150.47, 177.024, 0.0417973),
(359, 6, '2024-11-25 22:31:03', 0.7787, 220, 145.617, 171.314, 0.0404491),
(360, 6, '2024-11-25 22:31:15', 0.770914, 220, 144.161, 169.601, 0.0400447),
(361, 6, '2024-11-25 22:31:26', 0.794648, 220, 148.599, 174.822, 0.0412775),
(362, 6, '2024-11-25 22:31:39', 0.775538, 220, 145.026, 170.618, 0.0402849),
(363, 6, '2024-11-25 22:31:53', 0.787807, 220, 147.32, 173.318, 0.0409222),
(364, 6, '2024-11-25 22:32:05', 0.792228, 220, 148.147, 174.29, 0.0411519),
(365, 6, '2024-11-25 22:32:18', 0.805675, 220, 150.661, 177.249, 0.0418504),
(366, 6, '2024-11-25 22:32:30', 0.788886, 220, 147.522, 173.555, 0.0409782),
(367, 6, '2024-11-25 22:32:42', 0.796593, 220, 148.963, 175.251, 0.0413786),
(368, 6, '2024-11-25 22:32:54', 0.785003, 220, 146.796, 172.701, 0.0407765),
(369, 6, '2024-11-25 22:33:06', 0.797595, 220, 149.15, 175.471, 0.0414306),
(370, 6, '2024-11-25 22:33:19', 0.791718, 220, 148.051, 174.178, 0.0411253),
(371, 6, '2024-11-25 22:33:31', 0.807738, 220, 151.047, 177.702, 0.0419575),
(372, 6, '2024-11-25 22:33:43', 0.795255, 220, 148.713, 174.956, 0.0413091),
(373, 6, '2024-11-25 22:33:55', 0.79148, 220, 148.007, 174.126, 0.041113),
(374, 6, '2024-11-25 22:34:07', 0.795581, 220, 148.774, 175.028, 0.041326),
(375, 6, '2024-11-25 22:34:19', 0.800885, 220, 149.765, 176.195, 0.0416015),
(376, 6, '2024-11-25 22:34:31', 0.784539, 220, 146.709, 172.599, 0.0407524),
(377, 6, '2024-11-25 22:34:45', 0.800221, 220, 149.641, 176.049, 0.041567),
(378, 6, '2024-11-25 22:34:57', 0.808491, 220, 151.188, 177.868, 0.0419966),
(379, 6, '2024-11-25 22:35:12', 0.807544, 220, 151.011, 177.66, 0.0419474),
(380, 6, '2024-11-25 22:35:23', 0.802088, 220, 149.99, 176.46, 0.041664),
(381, 6, '2024-11-25 22:35:35', 0.797381, 220, 149.11, 175.424, 0.0414195),
(382, 6, '2024-11-25 22:35:47', 0.846295, 220, 158.257, 186.185, 0.0439603),
(383, 6, '2024-11-25 22:35:59', 0.821729, 220, 153.663, 180.78, 0.0426843),
(384, 6, '2024-11-30 03:10:31', 1.55192, 220, 290.209, 341.422, 0.0806136),
(385, 6, '2024-11-30 03:12:27', 1.66056, 220, 310.525, 365.324, 0.086257),
(386, 6, '2024-11-30 03:12:37', 1.61436, 220, 301.885, 355.159, 0.0838569),
(387, 6, '2024-11-30 03:12:48', 1.67881, 220, 313.938, 369.338, 0.0872049),
(388, 6, '2024-11-30 03:12:58', 1.58086, 220, 295.621, 347.789, 0.0821169),
(389, 6, '2024-11-30 03:13:09', 1.53968, 220, 287.921, 338.73, 0.079978),
(390, 6, '2024-11-30 03:13:19', 1.68012, 220, 314.183, 369.627, 0.087273),
(391, 6, '2024-11-30 03:13:30', 1.53973, 220, 287.929, 338.74, 0.0799802),
(392, 6, '2024-11-30 03:13:40', 1.60333, 220, 299.822, 352.732, 0.083284),
(393, 6, '2024-11-30 03:13:51', 1.56365, 220, 292.402, 344.002, 0.0812228),
(394, 6, '2024-11-30 03:14:01', 1.52929, 220, 285.977, 336.443, 0.079438),
(395, 6, '2024-11-30 03:14:12', 1.59959, 220, 299.122, 351.909, 0.0830895),
(396, 6, '2024-11-30 03:14:22', 1.53119, 220, 286.333, 336.862, 0.079537),
(397, 6, '2024-11-30 03:14:32', 1.57196, 220, 293.958, 345.832, 0.0816549),
(398, 6, '2024-11-30 03:14:43', 1.53479, 220, 287.005, 337.653, 0.0797235),
(399, 6, '2024-11-30 03:14:53', 1.59586, 220, 298.426, 351.089, 0.0828961),
(400, 6, '2024-11-30 03:15:04', 1.56221, 220, 292.133, 343.686, 0.0811481),
(401, 6, '2024-11-30 03:15:14', 1.57596, 220, 294.704, 346.711, 0.0818623),
(402, 6, '2024-11-30 03:15:25', 1.5526, 220, 290.336, 341.571, 0.0806488),
(403, 6, '2024-11-30 03:15:35', 1.5243, 220, 285.044, 335.346, 0.0791789),
(404, 6, '2024-11-30 03:15:46', 1.54479, 220, 288.875, 339.853, 0.080243),
(405, 6, '2024-11-30 03:15:56', 1.55786, 220, 291.32, 342.729, 0.0809222),
(406, 6, '2024-11-30 03:16:07', 1.50763, 220, 281.926, 331.678, 0.0783129),
(407, 6, '2024-11-30 03:16:17', 1.5513, 220, 290.092, 341.285, 0.0805812),
(408, 6, '2024-11-30 03:16:28', 1.5441, 220, 288.746, 339.701, 0.0802073),
(409, 6, '2024-11-30 03:16:38', 1.71495, 220, 320.697, 377.29, 0.0890824),
(410, 6, '2024-11-30 03:16:48', 1.62858, 220, 304.545, 358.289, 0.0845959),
(411, 6, '2024-11-30 03:16:59', 1.6013, 220, 299.443, 352.286, 0.0831786),
(412, 6, '2024-11-30 03:17:09', 1.66011, 220, 310.441, 365.224, 0.0862335),
(413, 6, '2024-11-30 03:17:20', 1.66128, 220, 310.659, 365.481, 0.0862942),
(414, 6, '2024-11-30 03:17:30', 1.53235, 220, 286.549, 337.117, 0.079597),
(415, 6, '2024-11-30 03:17:41', 1.65656, 220, 309.778, 364.444, 0.0860494),
(416, 6, '2024-11-30 03:17:51', 1.58426, 220, 296.257, 348.537, 0.0822936),
(417, 6, '2024-11-30 03:18:02', 1.55625, 220, 291.018, 342.374, 0.0808383),
(418, 6, '2024-11-30 03:18:12', 1.58239, 220, 295.907, 348.125, 0.0821963),
(419, 6, '2024-11-30 03:18:23', 1.60193, 220, 299.561, 352.425, 0.0832115),
(420, 6, '2024-11-30 03:18:33', 1.56929, 220, 293.457, 345.244, 0.0815159),
(421, 6, '2024-11-30 03:18:44', 1.578, 220, 295.087, 347.161, 0.0819686),
(422, 6, '2024-11-30 03:18:54', 1.5562, 220, 291.009, 342.363, 0.0808357),
(423, 6, '2024-11-30 03:19:05', 1.57422, 220, 294.378, 346.328, 0.0817718),
(424, 6, '2024-11-30 03:19:15', 1.66978, 220, 312.248, 367.351, 0.0867356),
(425, 6, '2024-11-30 03:19:25', 1.59681, 220, 298.604, 351.299, 0.0829456),
(426, 6, '2024-11-30 03:19:39', 1.58105, 220, 295.656, 347.831, 0.0821268),
(427, 6, '2024-11-30 03:19:50', 1.594, 220, 298.078, 350.679, 0.0827993),
(428, 6, '2024-11-30 03:20:00', 1.58861, 220, 297.069, 349.493, 0.0825193),
(429, 6, '2024-11-30 03:20:11', 1.61854, 220, 302.668, 356.079, 0.0840743),
(430, 6, '2024-11-30 03:20:21', 1.61851, 220, 302.662, 356.072, 0.0840727),
(431, 6, '2024-11-30 03:20:32', 1.62005, 220, 302.949, 356.411, 0.0841526),
(432, 6, '2024-11-30 03:20:42', 1.67161, 220, 312.591, 367.754, 0.0868307),
(433, 6, '2024-11-30 03:20:53', 1.83785, 220, 343.678, 404.327, 0.0954661),
(434, 6, '2024-11-30 03:21:03', 1.78596, 220, 333.974, 392.911, 0.0927706),
(435, 6, '2024-11-30 03:21:14', 1.85319, 220, 346.547, 407.702, 0.096263),
(436, 6, '2024-11-30 03:21:24', 1.80731, 220, 337.968, 397.609, 0.0938799),
(437, 6, '2024-11-30 03:21:35', 1.76589, 220, 330.222, 388.497, 0.0917284),
(438, 6, '2024-11-30 03:21:45', 1.84094, 220, 344.256, 405.007, 0.0956266),
(439, 6, '2024-11-30 03:21:56', 1.68703, 220, 315.475, 371.147, 0.087632),
(440, 6, '2024-11-30 03:22:06', 1.53513, 220, 287.07, 337.729, 0.0797416),
(441, 6, '2024-11-30 03:22:17', 1.73405, 220, 324.268, 381.492, 0.0900745),
(442, 6, '2024-11-30 03:22:27', 1.77053, 220, 331.089, 389.517, 0.0919692),
(443, 6, '2024-11-30 03:22:38', 1.82089, 220, 340.507, 400.596, 0.0945852),
(444, 6, '2024-11-30 03:22:48', 1.80531, 220, 337.594, 397.169, 0.093776),
(445, 6, '2024-11-30 03:22:59', 1.66591, 220, 311.526, 366.501, 0.0865349),
(446, 6, '2024-11-30 03:23:09', 1.52176, 220, 284.569, 334.787, 0.0790468),
(447, 6, '2024-11-30 03:23:19', 1.48046, 220, 276.846, 325.702, 0.0769018),
(448, 6, '2024-11-30 03:23:30', 1.61126, 220, 301.305, 354.477, 0.0836959),
(449, 6, '2024-11-30 03:23:41', 1.81441, 220, 339.295, 399.17, 0.0942485),
(450, 6, '2024-11-30 03:23:51', 1.74201, 220, 325.757, 383.243, 0.090488),
(451, 6, '2024-11-30 03:24:02', 1.71993, 220, 321.627, 378.385, 0.0893408),
(452, 6, '2024-11-30 03:24:13', 1.97511, 220, 369.346, 434.525, 0.102596),
(453, 6, '2024-11-30 03:24:23', 2.01277, 220, 376.388, 442.81, 0.104552),
(454, 6, '2024-11-30 03:24:34', 1.87104, 220, 349.885, 411.63, 0.0971904),
(455, 6, '2024-11-30 03:24:45', 2.07845, 220, 388.671, 457.259, 0.107964),
(456, 6, '2024-11-30 03:24:55', 1.99334, 220, 372.755, 438.535, 0.103543),
(457, 6, '2024-11-30 03:25:06', 2.03709, 220, 380.935, 448.159, 0.105815),
(458, 6, '2024-11-30 03:25:17', 2.04493, 220, 382.402, 449.885, 0.106223),
(459, 6, '2024-11-30 03:25:28', 1.65917, 220, 310.264, 365.017, 0.0861845),
(460, 6, '2024-11-30 03:25:38', 1.63238, 220, 305.255, 359.124, 0.0847931),
(461, 6, '2024-11-30 03:25:49', 1.67261, 220, 312.779, 367.975, 0.086883),
(462, 6, '2024-11-30 03:25:59', 1.63839, 220, 306.379, 360.445, 0.0851051),
(463, 6, '2024-11-30 03:26:10', 1.62047, 220, 303.028, 356.503, 0.0841744),
(464, 6, '2024-11-30 03:26:21', 1.63811, 220, 306.327, 360.384, 0.0850907),
(465, 6, '2024-11-30 03:26:32', 1.69986, 220, 317.874, 373.969, 0.0882982),
(466, 6, '2024-11-30 03:26:42', 1.6479, 220, 308.157, 362.538, 0.0855991),
(467, 6, '2024-11-30 03:26:53', 1.5588, 220, 291.496, 342.936, 0.0809711),
(468, 6, '2024-11-30 03:27:04', 1.63951, 220, 306.588, 360.692, 0.0851633),
(469, 6, '2024-11-30 03:27:14', 1.65121, 220, 308.777, 363.267, 0.0857714),
(470, 6, '2024-11-30 03:27:25', 1.68048, 220, 314.25, 369.706, 0.0872917),
(471, 6, '2024-11-30 03:27:35', 1.6095, 220, 300.976, 354.089, 0.0836044),
(472, 6, '2024-11-30 03:27:46', 1.61991, 220, 302.923, 356.38, 0.0841453),
(473, 6, '2024-11-30 03:27:56', 1.61202, 220, 301.448, 354.645, 0.0837357),
(474, 6, '2024-11-30 03:28:07', 1.52751, 220, 285.644, 336.051, 0.0793455),
(475, 6, '2024-11-30 03:28:17', 1.58432, 220, 296.268, 348.55, 0.0822966),
(476, 6, '2024-11-30 03:28:28', 1.62036, 220, 303.007, 356.478, 0.0841686),
(477, 6, '2024-11-30 03:28:39', 1.55, 220, 289.849, 340.999, 0.0805137),
(478, 6, '2024-11-30 03:28:49', 1.61835, 220, 302.631, 356.037, 0.0840643),
(479, 6, '2024-11-30 03:29:00', 1.58397, 220, 296.203, 348.474, 0.0822786),
(480, 6, '2024-11-30 03:29:11', 1.55258, 220, 290.332, 341.568, 0.0806479),
(481, 6, '2024-11-30 03:29:21', 1.56891, 220, 293.386, 345.16, 0.0814961),
(482, 6, '2024-11-30 03:29:32', 1.56395, 220, 292.458, 344.069, 0.0812384),
(483, 6, '2024-11-30 03:29:43', 1.60793, 220, 300.683, 353.745, 0.0835232),
(484, 6, '2024-11-30 03:29:53', 1.518, 220, 283.866, 333.96, 0.0788516),
(485, 6, '2024-11-30 03:30:04', 1.58376, 220, 296.162, 348.426, 0.0822673),
(486, 6, '2024-11-30 03:30:14', 1.53672, 220, 287.366, 338.077, 0.0798238),
(487, 6, '2024-11-30 03:30:25', 1.52795, 220, 285.727, 336.149, 0.0793685),
(488, 6, '2024-11-30 03:30:36', 1.55226, 220, 290.273, 341.497, 0.0806313),
(489, 6, '2024-11-30 03:30:46', 1.59331, 220, 297.949, 350.528, 0.0827636),
(490, 6, '2024-11-30 03:30:57', 1.55617, 220, 291.003, 342.357, 0.0808343),
(491, 6, '2024-11-30 03:31:08', 1.60243, 220, 299.655, 352.535, 0.0832375),
(492, 6, '2024-11-30 03:31:18', 1.44714, 220, 270.615, 318.371, 0.0751709),
(493, 6, '2024-11-30 03:31:29', 1.56876, 220, 293.359, 345.128, 0.0814885),
(494, 6, '2024-11-30 03:31:40', 1.63451, 220, 305.653, 359.592, 0.0849036),
(495, 6, '2024-11-30 03:31:50', 1.5498, 220, 289.813, 340.956, 0.0805036),
(496, 6, '2024-11-30 03:32:01', 1.57718, 220, 294.932, 346.979, 0.0819257),
(497, 6, '2024-11-30 03:32:12', 1.62245, 220, 303.399, 356.94, 0.0842774),
(498, 6, '2024-11-30 03:32:22', 1.58107, 220, 295.659, 347.835, 0.0821276),
(499, 6, '2024-11-30 03:32:33', 1.61407, 220, 301.832, 355.097, 0.0838422),
(500, 6, '2024-11-30 03:32:44', 1.61796, 220, 302.558, 355.951, 0.0840439),
(501, 6, '2024-11-30 03:32:54', 1.5915, 220, 297.61, 350.129, 0.0826694),
(502, 6, '2024-11-30 03:33:04', 1.55299, 220, 290.41, 341.659, 0.0806694),
(503, 6, '2024-11-30 03:33:15', 1.55617, 220, 291.004, 342.358, 0.0808345),
(504, 6, '2024-11-30 03:33:25', 1.53256, 220, 286.589, 337.164, 0.0796081),
(505, 6, '2024-11-30 03:33:36', 1.61638, 220, 302.263, 355.603, 0.0839618),
(506, 6, '2024-11-30 03:33:47', 1.62403, 220, 303.694, 357.287, 0.0843594),
(507, 6, '2024-11-30 03:33:58', 1.56605, 220, 292.852, 344.531, 0.0813477),
(508, 6, '2024-11-30 03:34:08', 1.58393, 220, 296.194, 348.464, 0.0822761),
(509, 6, '2024-11-30 03:34:19', 1.53389, 220, 286.838, 337.457, 0.0796773),
(510, 6, '2024-11-30 03:34:30', 1.47319, 220, 275.486, 324.101, 0.0765238),
(511, 6, '2024-11-30 03:34:41', 1.48835, 220, 278.321, 327.437, 0.0773115),
(512, 6, '2024-11-30 03:34:51', 1.46738, 220, 274.399, 322.822, 0.076222),
(513, 6, '2024-11-30 03:35:02', 1.50172, 220, 280.823, 330.38, 0.0780063),
(514, 6, '2024-11-30 03:35:13', 1.44858, 220, 270.885, 318.688, 0.0752458),
(515, 6, '2024-11-30 03:35:23', 1.42317, 220, 266.134, 313.098, 0.073926),
(516, 6, '2024-11-30 03:35:35', 1.49389, 220, 279.358, 328.656, 0.0775993),
(517, 6, '2024-11-30 03:35:46', 1.5343, 220, 286.914, 337.546, 0.0796983),
(518, 6, '2024-11-30 03:35:56', 1.56596, 220, 292.834, 344.511, 0.0813429),
(519, 6, '2024-11-30 03:36:07', 1.51444, 220, 283.199, 333.176, 0.0786665),
(520, 6, '2024-11-30 03:36:17', 1.50668, 220, 281.748, 331.469, 0.0782634),
(521, 6, '2024-11-30 03:36:28', 1.52797, 220, 285.731, 336.154, 0.0793697),
(522, 6, '2024-11-30 03:36:39', 1.52425, 220, 285.035, 335.335, 0.0791764),
(523, 6, '2024-11-30 03:39:11', 1.52849, 220, 285.828, 336.268, 0.0793965),
(524, 6, '2024-11-30 03:39:23', 1.52573, 220, 285.312, 335.661, 0.0792533),
(525, 6, '2024-11-30 03:39:35', 1.51911, 220, 284.074, 334.205, 0.0789095),
(526, 6, '2024-11-30 03:39:47', 1.49251, 220, 279.099, 328.352, 0.0775276),
(527, 6, '2024-11-30 03:39:59', 1.51677, 220, 283.636, 333.689, 0.0787878),
(528, 6, '2024-11-30 03:40:11', 1.52005, 220, 284.249, 334.411, 0.0789581),
(529, 6, '2024-11-30 03:40:23', 1.55575, 220, 290.925, 342.264, 0.0808124),
(530, 6, '2024-11-30 03:40:35', 1.59519, 220, 298.3, 350.941, 0.0828611),
(531, 6, '2024-11-30 03:40:47', 1.58501, 220, 296.397, 348.702, 0.0823325),
(532, 6, '2024-11-30 03:40:59', 1.47743, 220, 276.279, 325.034, 0.0767443),
(533, 6, '2024-11-30 03:41:11', 1.46559, 220, 274.066, 322.43, 0.0761294),
(534, 6, '2024-11-30 03:41:23', 1.53177, 220, 286.442, 336.99, 0.0795671),
(535, 6, '2024-11-30 03:41:35', 1.51856, 220, 283.971, 334.083, 0.0788807),
(536, 6, '2024-11-30 03:41:47', 1.55464, 220, 290.717, 342.02, 0.0807547),
(537, 6, '2024-11-30 03:41:59', 1.47643, 220, 276.092, 324.814, 0.0766922),
(538, 6, '2024-11-30 03:42:11', 1.52366, 220, 284.925, 335.206, 0.0791457),
(539, 6, '2024-11-30 03:42:23', 1.50856, 220, 282.101, 331.883, 0.0783613),
(540, 6, '2024-11-30 03:42:35', 1.47128, 220, 275.13, 323.683, 0.0764251),
(541, 6, '2024-11-30 03:42:47', 1.54763, 220, 289.406, 340.478, 0.0803906),
(542, 6, '2024-11-30 03:42:59', 1.55301, 220, 290.413, 341.662, 0.0806702),
(543, 6, '2024-11-30 03:43:11', 1.52551, 220, 285.271, 335.613, 0.079242),
(544, 6, '2024-11-30 03:50:58', 1.19373, 220, 223.227, 262.62, 0.0620076),
(545, 6, '2024-11-30 03:51:10', 1.19395, 220, 223.268, 262.668, 0.0620188),
(546, 6, '2024-11-30 03:51:22', 1.26409, 220, 236.386, 278.101, 0.0656627),
(547, 6, '2024-11-30 03:51:34', 1.31035, 220, 245.036, 288.278, 0.0680656),
(548, 6, '2024-11-30 03:51:45', 1.22748, 220, 229.538, 270.045, 0.0637606),
(549, 6, '2024-11-30 03:51:57', 1.27757, 220, 238.906, 281.066, 0.0663628),
(550, 6, '2024-11-30 03:52:09', 1.26271, 220, 236.128, 277.797, 0.0655911),
(551, 6, '2024-11-30 03:52:21', 1.18671, 220, 221.915, 261.077, 0.0616431),
(552, 6, '2024-11-30 03:52:33', 1.13723, 220, 212.661, 250.19, 0.0590727),
(553, 6, '2024-11-30 03:52:45', 1.0535, 220, 197.005, 231.77, 0.0547235),
(554, 6, '2024-11-30 03:52:56', 15.3064, 220, 2862.3, 3367.41, 0.795083),
(555, 6, '2024-11-30 03:53:08', 15.2424, 220, 2850.33, 3353.33, 0.791759),
(556, 6, '2024-11-30 03:53:20', 15.162, 220, 2835.3, 3335.65, 0.787583),
(557, 6, '2024-11-30 03:53:32', 1.09996, 220, 205.693, 241.991, 0.0571368),
(558, 6, '2024-11-30 03:53:43', 1.34407, 220, 251.342, 295.696, 0.0698172),
(559, 6, '2024-11-30 03:53:55', 1.15423, 220, 215.841, 253.931, 0.0599559),
(560, 6, '2024-11-30 03:54:07', 1.17536, 220, 219.792, 258.579, 0.0610533),
(561, 6, '2024-11-30 03:54:19', 1.18032, 220, 220.719, 259.67, 0.061311),
(562, 6, '2024-11-30 03:54:31', 1.20239, 220, 224.846, 264.525, 0.0624573),
(563, 6, '2024-11-30 03:54:42', 1.55597, 220, 290.967, 342.314, 0.0808242),
(564, 6, '2024-11-30 03:54:54', 1.24901, 220, 233.566, 274.783, 0.0648794),
(565, 6, '2024-11-30 03:55:06', 1.17423, 220, 219.581, 258.331, 0.0609949),
(566, 6, '2024-11-30 03:55:17', 1.18243, 220, 221.115, 260.135, 0.0614207),
(567, 6, '2024-11-30 03:55:29', 1.16631, 220, 218.1, 256.588, 0.0605833),
(568, 6, '2024-11-30 03:55:41', 1.16609, 220, 218.059, 256.539, 0.0605718),
(569, 6, '2024-11-30 03:55:53', 1.21048, 220, 226.36, 266.306, 0.0628777),
(570, 6, '2024-11-30 03:56:05', 1.1823, 220, 221.091, 260.107, 0.0614141),
(571, 6, '2024-11-30 03:56:16', 1.20882, 220, 226.05, 265.941, 0.0627916),
(572, 6, '2024-11-30 03:56:28', 1.20895, 220, 226.073, 265.968, 0.0627981),
(573, 6, '2024-11-30 03:56:40', 1.22949, 220, 229.914, 270.487, 0.0638651),
(574, 6, '2024-11-30 03:56:52', 1.25232, 220, 234.183, 275.51, 0.0650509),
(575, 6, '2024-11-30 03:57:04', 1.20255, 220, 224.876, 264.56, 0.0624655),
(576, 6, '2024-11-30 03:57:16', 1.29602, 220, 242.356, 285.125, 0.0673212),
(577, 6, '2024-11-30 03:57:28', 1.21111, 220, 226.478, 266.445, 0.0629106),
(578, 6, '2024-11-30 03:57:39', 1.18273, 220, 221.17, 260.2, 0.061436),
(579, 6, '2024-11-30 03:57:51', 1.32213, 220, 247.239, 290.869, 0.0686774),
(580, 6, '2024-11-30 03:58:03', 1.26724, 220, 236.974, 278.793, 0.065826),
(581, 6, '2024-11-30 03:58:15', 1.23033, 220, 230.072, 270.673, 0.0639088),
(582, 6, '2024-11-30 03:58:26', 1.23574, 220, 231.083, 271.863, 0.0641899),
(583, 6, '2024-11-30 03:58:38', 1.15344, 220, 215.694, 253.758, 0.059915),
(584, 6, '2024-11-30 03:58:50', 1.19702, 220, 223.843, 263.345, 0.0621787),
(585, 6, '2024-11-30 03:59:02', 1.41802, 220, 265.17, 311.964, 0.0736582),
(586, 6, '2024-11-30 03:59:13', 1.22005, 220, 228.149, 268.411, 0.0633747),
(587, 6, '2024-11-30 03:59:25', 1.2001, 220, 224.418, 264.022, 0.0623384),
(588, 6, '2024-11-30 03:59:37', 1.15873, 220, 216.682, 254.92, 0.0601894),
(589, 6, '2024-11-30 03:59:49', 1.14496, 220, 214.107, 251.891, 0.0594742),
(590, 6, '2024-11-30 04:00:01', 1.2335, 220, 230.665, 271.37, 0.0640735),
(591, 6, '2024-11-30 04:00:13', 1.25212, 220, 234.146, 275.465, 0.0650404),
(592, 6, '2024-11-30 04:00:25', 1.18052, 220, 220.758, 259.715, 0.0613216),
(593, 6, '2024-11-30 04:00:36', 1.51859, 220, 283.977, 334.09, 0.0788824),
(594, 6, '2024-11-30 04:00:49', 1.19253, 220, 223.003, 262.356, 0.0619452),
(595, 6, '2024-11-30 04:01:01', 1.18836, 220, 222.223, 261.439, 0.0617287),
(596, 6, '2024-11-30 04:01:13', 1.20101, 220, 224.59, 264.223, 0.0623861),
(597, 6, '2024-11-30 04:01:24', 1.20057, 220, 224.507, 264.126, 0.062363),
(598, 6, '2024-11-30 04:01:36', 1.16934, 220, 218.667, 257.256, 0.0607409),
(599, 6, '2024-11-30 04:01:48', 1.17229, 220, 219.218, 257.904, 0.0608939),
(600, 6, '2024-11-30 04:02:00', 1.32827, 220, 248.386, 292.219, 0.0689962),
(601, 6, '2024-11-30 04:02:12', 1.44684, 220, 270.56, 318.306, 0.0751555),
(602, 6, '2024-11-30 04:02:24', 1.16624, 220, 218.088, 256.574, 0.0605799),
(603, 6, '2024-11-30 04:02:36', 1.42552, 220, 266.573, 313.615, 0.074048),
(604, 6, '2024-11-30 04:02:48', 1.22071, 220, 228.272, 268.555, 0.0634089),
(605, 6, '2024-11-30 04:03:00', 1.17465, 220, 219.659, 258.422, 0.0610163),
(606, 6, '2024-11-30 04:03:12', 1.16114, 220, 217.133, 255.45, 0.0603146),
(607, 6, '2024-11-30 04:03:24', 1.13241, 220, 211.761, 249.131, 0.0588226),
(608, 6, '2024-11-30 04:03:36', 1.19461, 220, 223.391, 262.814, 0.0620532),
(609, 6, '2024-11-30 04:03:48', 1.13187, 220, 211.66, 249.012, 0.0587945),
(610, 6, '2024-11-30 04:04:00', 1.16954, 220, 218.704, 257.298, 0.060751),
(611, 6, '2024-11-30 04:04:12', 1.16092, 220, 217.092, 255.403, 0.0603034),
(612, 6, '2024-11-30 04:04:23', 1.152, 220, 215.425, 253.441, 0.0598402),
(613, 6, '2024-11-30 04:04:37', 1.18893, 220, 222.33, 261.565, 0.0617584),
(614, 6, '2024-11-30 04:04:49', 1.16337, 220, 217.549, 255.94, 0.0604304),
(615, 6, '2024-11-30 04:05:00', 1.14055, 220, 213.283, 250.921, 0.0592452),
(616, 6, '2024-11-30 04:05:12', 1.21813, 220, 227.79, 267.989, 0.0632751),
(617, 6, '2024-11-30 04:05:24', 1.17427, 220, 219.588, 258.339, 0.0609967),
(618, 6, '2024-11-30 04:05:36', 1.49791, 220, 280.11, 329.541, 0.0778083),
(619, 6, '2024-11-30 04:05:48', 1.36577, 220, 255.4, 300.47, 0.0709443),
(620, 6, '2024-11-30 04:06:00', 1.14783, 220, 214.643, 252.522, 0.0596232),
(621, 6, '2024-11-30 04:06:12', 1.16558, 220, 217.964, 256.428, 0.0605456),
(622, 6, '2024-11-30 04:06:23', 1.15699, 220, 216.356, 254.537, 0.0600989),
(623, 6, '2024-11-30 04:06:35', 1.1417, 220, 213.498, 251.174, 0.059305),
(624, 6, '2024-11-30 04:06:48', 1.19661, 220, 223.767, 263.255, 0.0621575),
(625, 6, '2024-11-30 04:07:00', 1.1442, 220, 213.966, 251.725, 0.0594351),
(626, 6, '2024-11-30 04:07:12', 1.13085, 220, 211.47, 248.788, 0.0587416),
(627, 6, '2024-11-30 04:07:23', 1.16191, 220, 217.277, 255.62, 0.0603546),
(628, 6, '2024-11-30 04:07:35', 1.11977, 220, 209.397, 246.35, 0.0581659),
(629, 6, '2024-11-30 04:07:47', 1.32398, 220, 247.585, 291.276, 0.0687735),
(630, 6, '2024-11-30 04:07:59', 1.14249, 220, 213.645, 251.348, 0.059346),
(631, 6, '2024-11-30 04:08:11', 1.13714, 220, 212.645, 250.17, 0.059068),
(632, 6, '2024-11-30 04:08:23', 1.11451, 220, 208.413, 245.191, 0.0578924),
(633, 6, '2024-11-30 04:08:35', 1.26209, 220, 236.011, 277.66, 0.0655586),
(634, 6, '2024-11-30 04:08:47', 1.13286, 220, 211.845, 249.229, 0.0588458),
(635, 6, '2024-11-30 04:08:59', 1.40701, 220, 263.112, 309.543, 0.0730866),
(636, 6, '2024-11-30 04:09:11', 1.13685, 220, 212.591, 250.107, 0.059053),
(637, 6, '2024-11-30 04:09:23', 1.11857, 220, 209.172, 246.085, 0.0581034),
(638, 6, '2024-11-30 04:09:35', 1.10779, 220, 207.156, 243.713, 0.0575434),
(639, 6, '2024-11-30 04:09:47', 1.1276, 220, 210.862, 248.072, 0.0585727),
(640, 6, '2024-11-30 04:09:59', 1.12249, 220, 209.906, 246.948, 0.0583072),
(641, 6, '2024-11-30 04:10:10', 1.13443, 220, 212.138, 249.574, 0.0589273),
(642, 6, '2024-11-30 04:10:22', 1.14179, 220, 213.514, 251.193, 0.0593096),
(643, 6, '2024-12-08 00:17:26', 0.790688, 220, 147.859, 173.951, 0.0410718),
(644, 6, '2024-12-08 00:17:39', 0.833805, 220, 155.921, 183.437, 0.0433115),
(645, 1, '0000-00-00 00:00:00', 220, 97.7456, 114.995, 0.0271516, 20241200000000),
(646, 1, '0000-00-00 00:00:00', 220, 105.138, 123.691, 0.0292049, 20241200000000),
(647, 1, '0000-00-00 00:00:00', 220, 105.093, 123.639, 0.0291926, 20241200000000),
(648, 1, '0000-00-00 00:00:00', 220, 106.22, 124.964, 0.0295054, 20241200000000),
(649, 1, '0000-00-00 00:00:00', 220, 108.947, 128.173, 0.030263, 20241200000000),
(650, 1, '0000-00-00 00:00:00', 220, 102.752, 120.885, 0.0285422, 20241200000000),
(651, 1, '0000-00-00 00:00:00', 220, 102.124, 120.146, 0.0283679, 20241200000000),
(652, 1, '0000-00-00 00:00:00', 220, 113.437, 133.456, 0.0315104, 20241200000000),
(653, 1, '2024-12-08 04:28:09', 0.505798, 220, 94.5842, 111.276, 0.0262734),
(654, 1, '2024-12-08 04:28:19', 0.525181, 220, 98.2088, 115.54, 0.0272802),
(655, 1, '2024-12-08 04:28:29', 0.507401, 220, 94.884, 111.628, 0.0263567),
(656, 1, '2024-12-08 04:28:40', 0.765338, 220, 143.118, 168.374, 0.0397551),
(657, 1, '2024-12-08 04:28:49', 0.564562, 220, 105.573, 124.204, 0.0293258),
(658, 1, '2024-12-08 04:29:00', 0.628207, 220, 117.475, 138.206, 0.0326319),
(659, 1, '2024-12-08 04:29:08', 0.613575, 220, 114.739, 134.987, 0.0318718),
(660, 1, '2024-12-08 13:11:49', 1.18075, 220, 220.801, 259.766, 0.0613336),
(661, 1, '2024-12-08 13:11:58', 0.912099, 220, 170.563, 200.662, 0.0473785),
(662, 1, '2024-12-08 13:12:09', 0.883253, 220, 165.168, 194.316, 0.0458801),
(663, 1, '2024-12-08 13:12:18', 0.932854, 220, 174.444, 205.228, 0.0484566),
(664, 1, '2024-12-08 14:16:35', 0.744425, 220, 139.208, 163.773, 0.0386687),
(665, 1, '2024-12-08 14:16:45', 0.74966, 220, 140.186, 164.925, 0.0389407),
(666, 1, '2024-12-08 14:16:55', 0.858675, 220, 160.572, 188.908, 0.0446034),
(667, 1, '2024-12-08 14:17:05', 0.844223, 220, 157.87, 185.729, 0.0438527),
(668, 1, '2024-12-08 14:17:15', 0.866612, 220, 162.057, 190.655, 0.0450157),
(669, 1, '2024-12-08 14:17:25', 0.761836, 220, 142.463, 167.604, 0.0395732),
(670, 1, '2024-12-08 14:17:36', 0.695596, 220, 130.077, 153.031, 0.0361324),
(671, 1, '2024-12-08 14:17:46', 0.699743, 220, 130.852, 153.943, 0.0363477),
(672, 1, '2024-12-08 14:17:56', 0.690239, 220, 129.075, 151.853, 0.0358541),
(673, 1, '2024-12-08 14:18:06', 0.700921, 220, 131.072, 154.203, 0.0364089),
(674, 1, '2024-12-08 14:18:16', 0.685372, 220, 128.165, 150.782, 0.0356013),
(675, 1, '2024-12-08 14:18:26', 0.746149, 220, 139.53, 164.153, 0.0387583),
(676, 1, '2024-12-08 14:18:36', 0.723923, 220, 135.374, 159.263, 0.0376038),
(677, 1, '2024-12-08 14:18:46', 0.729555, 220, 136.427, 160.502, 0.0378963),
(678, 1, '2024-12-08 14:18:56', 0.716996, 220, 134.078, 157.739, 0.037244),
(679, 1, '2024-12-08 14:19:06', 0.719507, 220, 134.548, 158.292, 0.0373744),
(680, 1, '2024-12-08 14:19:16', 0.753585, 220, 140.921, 165.789, 0.0391446);
INSERT INTO `lectura_medidor` (`ID`, `MedidorID`, `FechaHora`, `Corriente_rms`, `Voltaje_rms`, `Potencia_activa`, `Potencia_aparente`, `Energia`) VALUES
(681, 1, '2024-12-08 14:19:26', 0.750915, 220, 140.421, 165.201, 0.0390058),
(682, 1, '2024-12-08 14:19:36', 0.741791, 220, 138.715, 163.194, 0.0385319),
(683, 1, '2024-12-08 14:20:51', 0.865118, 220, 161.777, 190.326, 0.0449381),
(684, 1, '2024-12-08 14:21:01', 0.811821, 220, 151.81, 178.6, 0.0421696),
(685, 1, '2024-12-08 14:21:11', 0.759876, 220, 142.097, 167.173, 0.0394714),
(686, 1, '2024-12-08 14:21:36', 0.776209, 220, 145.151, 170.766, 0.0403197),
(687, 1, '2024-12-08 14:21:59', 0.755658, 220, 141.308, 166.245, 0.0392523),
(688, 1, '2024-12-08 14:22:07', 0.811346, 220, 151.722, 178.496, 0.0421449),
(689, 1, '2024-12-08 14:22:17', 0.756003, 220, 141.373, 166.321, 0.0392702),
(690, 1, '2024-12-08 14:22:27', 0.848119, 220, 158.598, 186.586, 0.0440551),
(691, 1, '2024-12-08 14:22:38', 1.01312, 220, 189.454, 222.886, 0.052626),
(692, 1, '2024-12-08 14:22:48', 0.92759, 220, 173.459, 204.07, 0.0481832),
(693, 1, '2024-12-08 14:22:58', 0.712003, 220, 133.145, 156.641, 0.0369846),
(694, 1, '2024-12-08 14:23:08', 0.72573, 220, 135.712, 159.661, 0.0376976),
(695, 1, '2024-12-08 14:23:18', 0.778149, 220, 145.514, 171.193, 0.0404205),
(696, 1, '2024-12-08 14:23:28', 0.786895, 220, 147.149, 173.117, 0.0408748),
(697, 1, '2024-12-08 14:23:48', 0.807563, 220, 151.014, 177.664, 0.0419484),
(698, 1, '2024-12-08 14:23:58', 0.774259, 220, 144.786, 170.337, 0.0402185),
(699, 1, '2024-12-08 14:24:08', 0.829817, 220, 155.176, 182.56, 0.0431044),
(700, 1, '2024-12-08 14:24:18', 0.777127, 220, 145.323, 170.968, 0.0403674),
(701, 1, '2024-12-08 14:24:28', 1.1103, 220, 207.625, 244.265, 0.0576737),
(702, 1, '2024-12-08 14:24:38', 0.869628, 220, 162.62, 191.318, 0.0451724),
(703, 1, '2024-12-08 14:24:48', 0.874772, 220, 163.582, 192.45, 0.0454396),
(704, 1, '2024-12-08 14:24:58', 0.761904, 220, 142.476, 167.619, 0.0395767),
(705, 1, '2024-12-08 14:25:08', 0.62419, 220, 116.724, 137.322, 0.0324232),
(706, 1, '2024-12-08 14:25:18', 0.66873, 220, 125.052, 147.12, 0.0347368),
(707, 1, '2024-12-08 14:25:28', 0.684154, 220, 127.937, 150.514, 0.035538),
(708, 1, '2024-12-08 14:25:39', 0.714933, 220, 133.693, 157.285, 0.0371368),
(709, 1, '2024-12-08 14:26:06', 0.71729, 220, 134.133, 157.804, 0.0372593),
(710, 1, '2024-12-08 14:26:16', 0.722484, 220, 135.104, 158.946, 0.037529),
(711, 1, '2024-12-08 14:26:26', 0.684184, 220, 127.942, 150.52, 0.0355396),
(712, 1, '2024-12-08 14:26:36', 0.647529, 220, 121.088, 142.456, 0.0336356),
(713, 1, '2024-12-08 14:26:46', 0.642159, 220, 120.084, 141.275, 0.0333566),
(714, 1, '2024-12-08 14:26:56', 0.65038, 220, 121.621, 143.084, 0.0337837),
(715, 1, '2024-12-08 14:27:06', 0.668185, 220, 124.951, 147.001, 0.0347085),
(716, 1, '2024-12-08 14:27:16', 0.669865, 220, 125.265, 147.37, 0.0347958),
(717, 1, '2024-12-08 14:27:26', 0.678431, 220, 126.867, 149.255, 0.0352407),
(718, 1, '2024-12-08 14:27:36', 0.667737, 220, 124.867, 146.902, 0.0346852),
(719, 1, '2024-12-08 14:27:46', 0.642223, 220, 120.096, 141.289, 0.0333599),
(720, 1, '2024-12-08 14:27:56', 0.877648, 220, 164.12, 193.083, 0.0455889),
(721, 1, '2024-12-08 14:28:06', 0.665489, 220, 124.446, 146.408, 0.0345685),
(722, 1, '2024-12-08 14:28:16', 0.642253, 220, 120.101, 141.296, 0.0333615),
(723, 1, '2024-12-08 14:28:35', 0.563827, 220, 105.436, 124.042, 0.0292877),
(724, 1, '2024-12-08 14:28:45', 0.573784, 220, 107.298, 126.232, 0.0298049),
(725, 1, '2024-12-08 14:29:02', 0.580678, 220, 108.587, 127.749, 0.030163),
(726, 1, '2024-12-08 14:29:12', 0.577628, 220, 108.016, 127.078, 0.0300046),
(727, 1, '2024-12-08 14:29:22', 0.622617, 220, 116.429, 136.976, 0.0323415),
(728, 1, '2024-12-08 14:29:47', 0.5871, 220, 109.788, 129.162, 0.0304966),
(729, 1, '2024-12-08 14:31:38', 0.579319, 220, 108.333, 127.45, 0.0300924),
(730, 1, '2024-12-08 14:31:48', 0.583137, 220, 109.047, 128.29, 0.0302907),
(731, 1, '2024-12-08 14:31:58', 0.532996, 220, 99.6702, 117.259, 0.0276862),
(732, 1, '2024-12-08 14:32:08', 0.556377, 220, 104.043, 122.403, 0.0289007),
(733, 1, '2024-12-08 14:32:19', 0.580511, 220, 108.556, 127.713, 0.0301543),
(734, 1, '2024-12-08 14:32:29', 0.548191, 220, 102.512, 120.602, 0.0284755),
(735, 1, '2024-12-08 14:32:57', 0.559828, 220, 104.688, 123.162, 0.0290799),
(736, 1, '2024-12-08 14:33:07', 0.506628, 220, 94.7395, 111.458, 0.0263165),
(737, 1, '2024-12-08 14:33:17', 0.541257, 220, 101.215, 119.076, 0.0281153),
(738, 1, '2024-12-08 14:33:27', 0.531699, 220, 99.4277, 116.974, 0.0276188),
(739, 1, '2024-12-08 14:33:38', 0.546692, 220, 102.231, 120.272, 0.0283976),
(740, 1, '2024-12-08 14:33:49', 0.553474, 220, 103.5, 121.764, 0.0287499),
(741, 1, '2024-12-08 14:34:30', 0.533772, 220, 99.8154, 117.43, 0.0277265),
(742, 1, '2024-12-08 14:35:06', 0.607382, 220, 113.58, 133.624, 0.0315501),
(743, 1, '2024-12-08 14:36:11', 0.584997, 220, 109.394, 128.699, 0.0303873),
(746, 6, '2024-12-08 14:39:34', 0.621742, 220, 116.266, 136.783, 0.032296),
(747, 6, '2024-12-08 14:49:22', 0.701219, 220, 131.128, 154.268, 0.0364244),
(748, 6, '2024-12-08 14:49:32', 0.689348, 220, 128.908, 151.656, 0.0358078),
(749, 6, '2024-12-08 14:49:42', 0.700673, 220, 131.026, 154.148, 0.0363961),
(750, 6, '2024-12-08 14:49:52', 0.66312, 220, 124.003, 145.886, 0.0344454);

-- --------------------------------------------------------

--
-- Estructura de tabla para la tabla `medidor`
--

CREATE TABLE `medidor` (
  `ID` int(11) NOT NULL,
  `UsuarioID` int(11) NOT NULL,
  `Nombre` varchar(100) NOT NULL,
  `Tipo` varchar(50) NOT NULL,
  `FechaRegistro` timestamp NOT NULL DEFAULT current_timestamp()
) ENGINE=InnoDB DEFAULT CHARSET=utf8mb4 COLLATE=utf8mb4_general_ci;

--
-- Volcado de datos para la tabla `medidor`
--

INSERT INTO `medidor` (`ID`, `UsuarioID`, `Nombre`, `Tipo`, `FechaRegistro`) VALUES
(1, 1, 'Medidor Principal Casa', 'Residencial', '2023-01-10 16:00:00'),
(2, 2, 'Medidor Departamento', 'Residencial', '2023-02-10 17:30:00'),
(3, 3, 'Medidor Oficina', 'Comercial', '2023-03-10 18:15:00'),
(4, 4, 'Medidor Bodega', 'Industrial', '2023-04-10 19:00:00'),
(5, 5, 'Medidor Taller', 'Comercial', '2023-05-10 20:45:00'),
(6, 6, 'casa2', 'dada', '2024-11-24 17:46:07'),
(7, 6, 'Medidor secundario', 'Digital', '2024-12-08 14:51:53');

-- --------------------------------------------------------

--
-- Estructura de tabla para la tabla `usuario`
--

CREATE TABLE `usuario` (
  `ID` int(11) NOT NULL,
  `Nombre` varchar(100) NOT NULL,
  `Direccion` varchar(255) DEFAULT NULL,
  `Telefono` varchar(15) DEFAULT NULL,
  `Email` varchar(100) DEFAULT NULL,
  `FechaRegistro` timestamp NOT NULL DEFAULT current_timestamp()
) ENGINE=InnoDB DEFAULT CHARSET=utf8mb4 COLLATE=utf8mb4_general_ci;

--
-- Volcado de datos para la tabla `usuario`
--

INSERT INTO `usuario` (`ID`, `Nombre`, `Direccion`, `Telefono`, `Email`, `FechaRegistro`) VALUES
(1, 'Juan Pérez', 'Av. Principal 123', '5551234567', 'juan.perez@gmail.com', '2023-01-01 12:00:00'),
(2, 'Ana López', 'Calle Secundaria 45', '5557654321', 'ana.lopez@gmail.com', '2023-02-01 13:30:00'),
(3, 'Carlos Ruiz', 'Av. Reforma 10', '5559876543', 'carlos.ruiz@gmail.com', '2023-03-01 14:15:00'),
(4, 'Lucía Gómez', 'Calle Estrella 78', '5556543210', 'lucia.gomez@gmail.com', '2023-04-01 15:00:00'),
(5, 'María Torres', 'Av. Sur 456', '5553456789', 'maria.torres@gmail.com', '2023-05-01 16:45:00'),
(6, 'rene', 'fwefe', '2324', 'rene@gmail.com', '2024-11-24 17:15:45'),
(7, 'rene', 'fef', '2323', 'dwd', '2024-11-24 17:19:09'),
(8, 'Ronald', 'Calle 1', '123457', 'rere', '2024-11-24 17:20:26'),
(9, 'Kenneth', 'Villa', '546865', 'kikik', '2024-11-24 17:21:36'),
(10, 'rene', 'fefe', '4343', 'sdw', '2024-11-24 17:22:58'),
(11, 'dwd', 'dwdw', '424', 'fef', '2024-11-24 17:23:36'),
(12, 'Rene', 'ec', '2323', 'fsf', '2024-11-24 17:26:06'),
(13, 'rENE', 'FW', '244', 'fe', '2024-11-24 17:29:48'),
(14, 'Ronald', 'dwe', '24', 'cd', '2024-11-24 17:33:55'),
(15, 'ewew', 'ffef', '23', 'fw', '2024-11-24 17:34:26'),
(16, 'Ronek', 'ded', '23', 'dw', '2024-11-24 17:36:10'),
(17, 'eref', 'fef', '32', 'f', '2024-11-24 17:40:57'),
(18, 'wfw', '4234', 'fef', 'f2', '2024-11-24 17:43:02'),
(19, 'Kenneth Lopez', 'Villa algo', '6778686', 'kenneth@gmail.com', '2024-11-25 22:01:20');

--
-- Índices para tablas volcadas
--

--
-- Indices de la tabla `lectura_medidor`
--
ALTER TABLE `lectura_medidor`
  ADD PRIMARY KEY (`ID`),
  ADD KEY `MedidorID` (`MedidorID`);

--
-- Indices de la tabla `medidor`
--
ALTER TABLE `medidor`
  ADD PRIMARY KEY (`ID`),
  ADD KEY `UsuarioID` (`UsuarioID`);

--
-- Indices de la tabla `usuario`
--
ALTER TABLE `usuario`
  ADD PRIMARY KEY (`ID`),
  ADD UNIQUE KEY `Email` (`Email`);

--
-- AUTO_INCREMENT de las tablas volcadas
--

--
-- AUTO_INCREMENT de la tabla `lectura_medidor`
--
ALTER TABLE `lectura_medidor`
  MODIFY `ID` int(11) NOT NULL AUTO_INCREMENT, AUTO_INCREMENT=751;

--
-- AUTO_INCREMENT de la tabla `medidor`
--
ALTER TABLE `medidor`
  MODIFY `ID` int(11) NOT NULL AUTO_INCREMENT, AUTO_INCREMENT=8;

--
-- AUTO_INCREMENT de la tabla `usuario`
--
ALTER TABLE `usuario`
  MODIFY `ID` int(11) NOT NULL AUTO_INCREMENT, AUTO_INCREMENT=20;

--
-- Restricciones para tablas volcadas
--

--
-- Filtros para la tabla `lectura_medidor`
--
ALTER TABLE `lectura_medidor`
  ADD CONSTRAINT `lectura_medidor_ibfk_1` FOREIGN KEY (`MedidorID`) REFERENCES `medidor` (`ID`) ON DELETE CASCADE;

--
-- Filtros para la tabla `medidor`
--
ALTER TABLE `medidor`
  ADD CONSTRAINT `medidor_ibfk_1` FOREIGN KEY (`UsuarioID`) REFERENCES `usuario` (`ID`) ON DELETE CASCADE;
COMMIT;

/*!40101 SET CHARACTER_SET_CLIENT=@OLD_CHARACTER_SET_CLIENT */;
/*!40101 SET CHARACTER_SET_RESULTS=@OLD_CHARACTER_SET_RESULTS */;
/*!40101 SET COLLATION_CONNECTION=@OLD_COLLATION_CONNECTION */;
